{"cameraMode":{"drawMode":0,"name":"Shaded","section":"Shading Mode"},"sceneLighting":false,"audioPlay":false,"sceneViewState":{"showFog":true,"showMaterialUpdate":true,"showSkybox":true,"showFlares":true,"showImageEffects":true,"showParticleSystems":true},"in2DMode":false,"pivot":{"x":8.064146041870118,"y":-11.314231872558594,"z":11.160706520080567},"rotation":{"x":-0.2465101182460785,"y":-0.6711767911911011,"z":0.25402137637138369,"w":-0.6513276100158691},"size":28.342119216918947,"orthographic":false}