{"cameraMode":{"drawMode":0,"name":"Shaded","section":"Shading Mode"},"sceneLighting":false,"audioPlay":false,"sceneViewState":{"showFog":true,"showMaterialUpdate":true,"showSkybox":true,"showFlares":true,"showImageEffects":true,"showParticleSystems":true},"in2DMode":false,"pivot":{"x":12.70064926147461,"y":-11.30420970916748,"z":13.628740310668946},"rotation":{"x":-0.19832263886928559,"y":-0.6606287360191345,"z":0.1873307228088379,"w":-0.6993891000747681},"size":43.29199981689453,"orthographic":false}