{"cameraMode":{"drawMode":0,"name":"Shaded","section":"Shading Mode"},"sceneLighting":false,"audioPlay":false,"sceneViewState":{"showFog":true,"showMaterialUpdate":true,"showSkybox":true,"showFlares":true,"showImageEffects":true,"showParticleSystems":true},"in2DMode":false,"pivot":{"x":15.269657135009766,"y":-13.341133117675782,"z":16.69133758544922},"rotation":{"x":-0.21265311539173127,"y":-0.6868891716003418,"z":0.22177991271018983,"w":-0.6586163640022278},"size":41.740875244140628,"orthographic":false}