{"cameraMode":{"drawMode":0,"name":"Shaded","section":"Shading Mode"},"sceneLighting":false,"audioPlay":false,"sceneViewState":{"showFog":true,"showMaterialUpdate":true,"showSkybox":true,"showFlares":true,"showImageEffects":true,"showParticleSystems":true},"in2DMode":false,"pivot":{"x":-0.050994157791137698,"y":7.263324737548828,"z":6.999051094055176},"rotation":{"x":-0.2994597256183624,"y":0.11186349391937256,"z":-0.035378530621528628,"w":-0.9468678832054138},"size":19.041519165039064,"orthographic":false}